<?xml version="1.0" encoding="UTF-8"?>
<project-private xmlns="http://www.netbeans.org/ns/project-private/1">
    <editor-bookmarks xmlns="http://www.netbeans.org/ns/editor-bookmarks/2" lastBookmarkId="0"/>
    <open-files xmlns="http://www.netbeans.org/ns/projectui-open-files/2">
        <group>
            <file>file:/D:/ASD/Tugas%20kelompok/implementasi%20BST/Productsearch/src/tugas/bst/middlestring.java</file>
            <file>file:/D:/ASD/Tugas%20kelompok/implementasi%20BST/Productsearch/src/tugas/bst/listproduk.java</file>
            <file>file:/D:/ASD/Tugas%20kelompok/implementasi%20BST/Productsearch/src/tugas/bst/Node.java</file>
            <file>file:/D:/ASD/Tugas%20kelompok/implementasi%20BST/Productsearch/src/tugas/bst/mainproduct.java</file>
            <file>file:/D:/ASD/Tugas%20kelompok/implementasi%20BST/Productsearch/src/tugas/bst/Interfacedata.java</file>
        </group>
    </open-files>
</project-private>
